num_departement,commune,siret,denomination,nom,enseigne,adresse,date_creation,tranche_eff
44,MAUVES SUR LOIRE,33034720400126,LYS GESTION,LYS GESTION,,8 Avenue de l'Alberge 44470 Mauves-sur-Loire,1984,
44,BATZ SUR MER,34073382300017,HOTEL LES EMBRUNS,HOTEL LES EMBRUNS,,Rue du Croisic 44740 Batz-sur-Mer,1987,NN
44,BAULE ESCOUBLAC (LA),32932446100014,STE HOSTELLIERE DU BOIS,STE HOSTELLIERE DU BOIS,,65 Avenue Louis Lajarrige 44500 La Baule-Escoublac,1984,NN
44,NANTES,44460371600036,BELLE ILE,BELLE ILE,,11 Rue Fourcroy 44000 Nantes,2002,
44,SAINT NAZAIRE,44902692100014,COUDRAY*GRAVE/MICHELINE IDA/,MADAME MICHELINE GRAVE,,48 Rue des Halles 44600 Saint-Nazaire,2003,NN
44,SAINT MICHEL CHEF CHEF,44927717700019,LE DIMET*MARTINE/,MADAME MARTINE LE DIMET,,2 Avenue de Bretagne 44730 Saint-Michel-Chef-Chef,2003,NN
44,SAINT ANDRE DES EAUX,41070565100017,MONTRE*CHRISTOPHE/,MONSIEUR CHRISTOPHE MONTRE,,Le Golf de Saint Denac 44117 Saint-André-des-Eaux,1996,NN
44,CELLIER (LE),41882274800053,COTTIN*LAURENT/,MONSIEUR LAURENT COTTIN,,104 Route de Saint-mars 44850 Le Cellier,1998,
44,SAINT ANDRE DES EAUX,41437666500017,LE DAUPHIN,LE DAUPHIN,,Le Petit Brangouré - St-denac 44117 Saint-André-des-Eaux,1997,NN
44,BATZ SUR MER,45230233400019,LA BRISE DE MER,LA BRISE DE MER,,12 Rue de l'Atlantique 44740 Batz-sur-Mer,2004,NN
44,BLAIN,48373285500018,LE GRAND CERF,LE GRAND CERF,,22 Rue de Nantes 44130 Blain,2005,NN
44,SAINT ANDRE DES EAUX,39835046200014,YSAFIL,YSAFIL,,Le Golf de Saint Denac 44117 Saint-André-des-Eaux,1994,NN
44,SAINT ANDRE DES EAUX,39860975000011,JBL2,JBL2,,Le Golf de Saint Denac 44117 Saint-André-des-Eaux,1994,NN
44,NANTES,39892635200012,LES TROIS VALLEES,LES TROIS VALLEES,,17 Avenue Camus 44000 Nantes,1994,NN
44,SAINT ANDRE DES EAUX,39945133500018,EURL IROISE,EURL IROISE,,Route de Saint-denac 44117 Saint-André-des-Eaux,1994,NN
44,NANTES,40199597200031,SARL LEMOTEL,SARL LEMOTEL,,345 Route de Sainte Luce 44300 Nantes,1995,NN
44,PORNICHET,39425084900012,COMPAGNIE FINANCIERE HOTELIERE ET TOURISTIQUE,COMPAGNIE FINANCIERE HOTELIERE ET TOURISTIQUE,,Avenue Louis Barthou 44380 Pornichet,1993,NN
44,PALLET (LE),39485697500013,ADRIA,ADRIA,,La Cognardiere 44330 Le Pallet,1993,NN
44,NANTES,39523413100039,CENTAUR,CENTAUR,,16 Avenue Camus 44000 Nantes,1994,
44,FROSSAY,38385178900032,SAINTE THERESE,SAINTE THERESE,,2 Rue de Bel Air 44320 Frossay,1991,
44,PONTCHATEAU,38528744600012,AUBERGE DU CALVAIRE,AUBERGE DU CALVAIRE,,6 Route de la Brière-le Calvaire 44160 Pontchâteau,1992,NN
44,MEILLERAYE DE BRETAGNE (LA),35316545900010,ASSOCIATION MELLERAY ACCUEIL PARTAGE,ASSOCIATION MELLERAY ACCUEIL PARTAGE,,Abbaye de Meilleray 44520 La Meilleraye-de-Bretagne,1989,NN
44,VALLONS DE L'ERDRE,42878450800015,CAPRI,CAPRI,,5 Rue du Château 44540 Vallons-de-l'Erdre,1999,NN
44,SAINT ANDRE DES EAUX,42363404700017,LLL,LLL,,Le Petit Brangouré - St-denac 44117 Saint-André-des-Eaux,1999,NN
44,SAINT ANDRE DES EAUX,42416016600015,CA VI AL,CA VI AL,,Le Petit Brangouré - St-denac 44117 Saint-André-des-Eaux,1999,NN
44,SAINT BREVIN LES PINS,43038887600012,OCEAN AVENUE,OCEAN AVENUE,,224 Avenue Raymond Poincaré 44250 Saint-Brevin-les-Pins,2000,NN
44,SAINT LYPHARD,31315691100015,PEBAY-ARNAUNE*YVES/,MONSIEUR YVES PEBAY ARNAUNE,,Kerhinet 44410 Saint-Lyphard,1978,NN
44,CARQUEFOU,30285293400017,CHRETIEN*ARSENE/,MONSIEUR ARSENE CHRETIEN,,Le Petit Billiou 44470 Carquefou,1900,NN
44,CHAPELLE SUR ERDRE (LA),39921754600015,MICHEL ET MICHELE VERNET ORGANISATION,MICHEL ET MICHELE VERNET ORGANISATION,,12 Avenue des Prairies 44240 La Chapelle-sur-Erdre,1994,NN
44,SAINT ANDRE DES EAUX,42133425100012,SOFAFLERS,SOFAFLERS,,Golf International Barrière La Baule (Terrain de golf) Saint-André-des-Eaux,1998,NN
44,NORT SUR ERDRE,53296507600021,LORRY*TYPHEN/,MADAME TYPHEN LORRY,HOTEL DU COMMERCE,6 Place du Champ de Foire 44390 Nort-sur-Erdre,2011,NN
44,NANTES,52972282900015,OTELISSIM,OTELISSIM,,7 Rue Crucy 44000 Nantes,2011,NN
44,CHAPELLE SUR ERDRE (LA),79320096500010,WEST EVENTS PORNIC LA RIA,WEST EVENTS PORNIC LA RIA,,30 Rue de l'Europe 44240 La Chapelle-sur-Erdre,2013,NN
44,NANTES,82087176200010,S B M A,S B M A,,46 bis Rue des Hauts Pavés 44000 Nantes,2016,
44,BAULE ESCOUBLAC (LA),75184979500016,EURL CARINI,EURL CARINI,HOTEL DE PARIS,138 Avenue des Ondines 44500 La Baule-Escoublac,2012,NN
44,SAINT NAZAIRE,47999387500026,MARQUET,MARQUET,HOTEL LE DAUPHIN,33 Rue Jean Jaurès 44600 Saint-Nazaire,2004,NN
44,CHATEAUBRIANT,34518804900018,GAUVIN*THERY/MICHELLE/,MADAME MICHELLE THERY,,2 Place Ernest Bréant 44110 Châteaubriant,1988,NN
44,SAINT ANDRE DES EAUX,41484683200015,SARL BLAISOT,SARL BLAISOT,,Le Petit Brangouré - St-denac 44117 Saint-André-des-Eaux,1997,NN
44,SAINT ANDRE DES EAUX,40895227300014,ILTIS*FABRICE/,MONSIEUR FABRICE ILTIS,,Le Golf de Saint Denac 44117 Saint-André-des-Eaux,1994,NN
44,NANTES,45221611200022,CHANT BRETON,CHANT BRETON,,41 Rue de Richebourg 44000 Nantes,2004,
44,BERNERIE EN RETZ (LA),44283620100016,P3M,P3M,,Rue de la Noue Fleurie 44760 La Bernerie-en-Retz,2002,NN
44,MACHECOUL SAINT MEME,44335614200010,LE CHAMP FLEURI,LE CHAMP FLEURI,,20 Le Champ Fleury 44270 Machecoul-Saint-Même,2002,NN
44,NANTES,43505104000028,EURL JANFRANK,EURL JANFRANK,,16 Avenue des Sulkies 44300 Nantes,2001,
44,ERBRAY,38475218400018,HOSTELLERIE DE LA FERRIERE,HOSTELLERIE DE LA FERRIERE,,Rue du Commun de la Motte 44110 Erbray,1992,NN
44,SAINT ANDRE DES EAUX,39945590600012,HERY,HERY,,Le Parc de la Jubine - St-denac 44117 Saint-André-des-Eaux,1994,NN
44,SAINT ANDRE DES EAUX,39974300400018,COTE OUEST,COTE OUEST,,Impasse du Four à Pain 44117 Saint-André-des-Eaux,1994,NN
44,BATZ SUR MER,38172849200012,HOLDING SEPT OUEST,HOLDING SEPT OUEST,,4 Route de la Govelle 44740 Batz-sur-Mer,1991,NN
44,MISSILLAC,35270162700023,MOREAU*GUY/,MONSIEUR GUY MOREAU,,12 Rue du Patureau 44780 Missillac,1990,
44,GUERANDE,50386918200017,LES VOYAGEURS,LES VOYAGEURS,,12 Boulevard de l'Abreuvoir 44350 Guérande,2008,NN
44,MISSILLAC,51299781800020,YAREWEN,YAREWEN,,La Briandais 44780 Missillac,2009,
44,BOUGUENAIS,81203352000014,LES VIVIERS,LES VIVIERS,LES VIVIERS,56 Rue de la Pierre 44340 Bouguenais,2015,NN
44,BAULE ESCOUBLAC (LA),79259320400011,SARL LA CLOSERIE,SARL LA CLOSERIE,LA CLOSERIE,173 Avenue du Maréchal de Lattre de Tassigny 44500 La Baule-Escoublac,2013,NN
44,NANTES,85780310000026,LOQUET ET COMPAGNIE,LOQUET ET COMPAGNIE,,3 bis Avenue de la Côte d'Or 44300 Nantes,1957,NN
44,BAULE ESCOUBLAC (LA),00578096000117,SOCIETE IMMOBILIERE TOURISTIQUE ET HOTELIERE DE LA BAULE EN ABREGE SITH LA BAULE,SOCIETE IMMOBILIERE TOURISTIQUE ET HOTELIERE DE LA BAULE EN ABREGE SITH LA BAULE,HOTEL HERMITAGE,5 Esplanade Lucien Barrière 44500 La Baule-Escoublac,1957,21
44,PORNIC,35154196600021,LA SOURCE,LA SOURCE,,Rue de la Source 44210 Pornic,1989,22
44,PORNICHET,38164118200047,THALABAULE,THALABAULE,,1 Avenue Léon Dubas 44380 Pornichet,1991,22
44,BOUGUENAIS,34515732500027,HOTELIERE CHATEAU BOUGON,HOTELIERE CHATEAU BOUGON,OCEANIA,1 Rue Pierre Latécoère 44340 Bouguenais,1988,21
44,SAINT NAZAIRE,32329855400011,SOCIETE HOTELIERE DE L'AQUILON,SOCIETE HOTELIERE DE L AQUILON,,2 Rue Michel Ange 44600 Saint-Nazaire,1981,12
44,NANTES,49749875800018,HOTEL VERNET,HOTEL VERNET,,46 bis Rue des Hauts Pavés 44000 Nantes,2007,
44,NANTES,39855343800027,SOCIETE NANTAISE L'HOTEL DE FRANCE SNHF,SOCIETE NANTAISE L HOTEL DE FRANCE SNHF,OCEANIA HOTEL DE FRANCE NANTES,24 Rue Crébillon 44000 Nantes,1994,12
44,BAULE ESCOUBLAC (LA),39092836400012,HOTEL MAJESTIC,HOTEL MAJESTIC,HOTEL RESTAURANT MERCURE MAJESTIC,2 Avenue de la Tour 44500 La Baule-Escoublac,1993,12
44,NANTES,38337925200026,HOTEL DE NANTES,HOTEL DE NANTES,,3 Rue de Valmy 44000 Nantes,1991,12
44,PORNICHET,38048701700010,IMMHOTEL,IMMHOTEL,,66 Boulevard des Océanides 44380 Pornichet,1990,12
44,PLAINE SUR MER (LA),31377774000017,HOTEL RESTAURANT ANNE DE BRETAGNE,HOTEL RESTAURANT ANNE DE BRETAGNE,,Boulevard de la Tara 44770 La Plaine-sur-Mer,1978,12
44,SAINT HERBLAIN,32177540500012,SOCIETE HOTEL GRIL NANTES SAINT-HERBLAIN,SOCIETE HOTEL GRIL NANTES SAINT HERBLAIN,,Boulevard Marcel Paul 44800 Saint-Herblain,1981,12
44,ANCENIS,48849607600016,DOMAINE DES LYS,DOMAINE DES LYS,,Le Moulin de la Guere 44150 Ancenis-Saint-Géréon,2006,12
44,CARQUEFOU,51901034200029,NMH,NMH,,4 Allée des Sapins 44470 Carquefou,2009,12
44,NANTES,83109711800010,KARMA RESORTS FRANCE,KARMA RESORTS FRANCE,,1 Rue du Guesclin 44000 Nantes,2017,
44,NANTES,87080050500014,HOTEL DE LA VENDEE,HOTEL DE LA VENDEE,IBIS STYLES,8 Allée Commandant Charcot 44000 Nantes,1970,12
44,REZE,52150878800028,SOCIETE NANTAISE HOTELIERE QUATRE,SOCIETE NANTAISE HOTELIERE QUATRE,,1 Rue de l'Île Macé 44400 Rezé,2010,12
44,BAULE ESCOUBLAC (LA),79074934500027,LE SAINT-CHRISTOPHE - LA BAULE,LE SAINT CHRISTOPHE LA BAULE,HOTEL RESIDENCE SAINT CHRISTOPHE,1 Avenue des Alçyons 44500 La Baule-Escoublac,2013,12
44,CARQUEFOU,79184604100030,MAUBREUIL,MAUBREUIL,,12 Allée de Maubreuil 44470 Carquefou,2013,12
44,SAINT HERBLAIN,81898422100015,LE PHOENIX,LE PHOENIX,LE COLISEE,29 Rue Bobby Sands 44800 Saint-Herblain,2016,12
44,NANTES,56213588900029,HOTEL EDOUARD 7,HOTEL EDOUARD 7,,46 bis Rue des Hauts Pavés 44000 Nantes,1956,
44,NANTES,48400344700014,NANT'HOTEL LOIRE,NANT HOTEL LOIRE,NOVOTEL,1 Boulevard des Martyrs Nantais de la Résistance 44200 Nantes,2005,12
44,NANTES,40457969000011,STE NANTAISE HOTELLERIE CENTRE -SNH 2,STE NANTAISE HOTELLERIE CENTRE SNH 2,,50 Quai Malakoff 44000 Nantes,1996,12
44,BOUGUENAIS,37917679500027,SOCIETE HOTELIERE DU PAYS NANTAIS,SOCIETE HOTELIERE DU PAYS NANTAIS,ESCALE OCEANIA,2 Rue Pierre Latécoère 44340 Bouguenais,1990,12
44,CLISSON,51994887100024,SAINT ANTOINE,SAINT ANTOINE,SAINT ANTOINE,6 Rue Saint-antoine 44190 Clisson,2010,12
44,SAINT SEBASTIEN SUR LOIRE,79939140400032,LHG NANTES,LHG NANTES,CAMPANILE,1 Avenue Jules Verne 44230 Saint-Sébastien-sur-Loire,2013,11
44,ABBARETZ,49076596300015,LE MANOIR DE LA JAHOTIERE,LE MANOIR DE LA JAHOTIERE,,La Placiere 44170 Abbaretz,2006,11
44,PORNICHET,49377260200014,SIMH,SIMH,LE REGENT HOTEL - GRAIN DE FOLIE,150 Boulevard des Océanides 44380 Pornichet,2007,11
44,TRIGNAC,33199614000025,SAS PAROUX,SAS PAROUX,,5 Rue de la Fontaine au Brun 44570 Trignac,1985,11
44,NANTES,33435693800020,AA BEAUJOIRE HOTEL,AA BEAUJOIRE HOTEL,RESTAURANT LE BISTRONOME,15 Rue des Pays de la Loire 44300 Nantes,1985,11
44,SAINT HERBLAIN,34827540500028,SOCIETE NANTAISE D HOTELLERIE,SOCIETE NANTAISE D HOTELLERIE,,345 Boulevard Marcel Paul 44800 Saint-Herblain,1988,11
44,SAINT HERBLAIN,34948518500012,KERANN HOTEL,KERANN HOTEL,BRIT HOTEL KERANN,Rue Bobby Sands 44800 Saint-Herblain,1989,11
44,VIGNEUX DE BRETAGNE,32676824900012,ATLANTEL,ATLANTEL,BRIT HOTEL ATLANTEL,Le Pont de Pierre 44360 Vigneux-de-Bretagne,1983,11
44,GUERANDE,49953808000031,GHP CONSEILS,GHP CONSEILS,,1 Rue du Milan Noir 44350 Guérande,2007,11
44,NANTES,49822239700016,PB ATLANTIQUE,PB ATLANTIQUE,,9 Rue Maréchal de Lattre de Tassigny 44000 Nantes,2007,11
44,PORNICHET,43916240500013,MARCO-POLO,MARCO POLO,,42 Boulevard de la République 44380 Pornichet,2001,11
44,NANTES,47843727000026,HOTEL GRASLIN,HOTEL GRASLIN,BEST WESTERN,1 Rue Piron 44000 Nantes,2004,11
44,NANTES,47882509400038,HOTEL JULES VERNE,HOTEL JULES VERNE,ALL SEASONS,3 Rue du Couédic 44000 Nantes,2004,11
44,NANTES,44503065300015,L'ASTROLABE,L ASTROLABE,,3 Allée Duquesne 44000 Nantes,2003,11
44,BOUAYE,34960262300010,LES CHAMPS D AVAUX,LES CHAMPS D AVAUX,,Les Champs d'Avaux 44830 Bouaye,1989,11
44,TREILLIERES,37818230700017,FIRST HOTEL,FIRST HOTEL,IBIS,1 Rue Lavoisier 44119 Treillières,1990,11
44,NANTES,42986809400013,LE JAMTEL,LE JAMTEL,,6 Rue Henri IV 44000 Nantes,2000,11
44,ANCENIS,38091164400017,AKWABA,AKWABA,,Boulevard du Docteur Moutel 44150 Ancenis-Saint-Géréon,1991,11
44,CHAPELLE SUR ERDRE (LA),81373973700019,CW PORNIC,CW PORNIC,,30 Rue de l'Europe 44240 La Chapelle-sur-Erdre,2015,
44,PORNICHET,51365573800021,SOCIETE HOTELIERE DE PORNICHET,SOCIETE HOTELIERE DE PORNICHET,ESCALE OCEANIA,3 Avenue Louis Barthou 44380 Pornichet,2009,11
44,NANTES,75026232100029,SOCIETE HOTELIERE NANTES CHATEAU,SOCIETE HOTELIERE NANTES CHATEAU,OKKO HOTELS,15 bis Rue de Strasbourg 44000 Nantes,2012,11
44,BAULE ESCOUBLAC (LA),53101904000017,HOTEL GARDEN & SPA LA BAULE,HOTEL GARDEN SPA LA BAULE,,30 Avenue du Bois d'Amour 44500 La Baule-Escoublac,2010,11
44,NANTES,53320271900019,SOZO,SOZO,SOZO-HOTEL,16 Rue Frédéric Cailliaud 44000 Nantes,2011,11
44,NANTES,52924748800024,SOCIETE NANTAISE D'HOTELLERIE 6,SOCIETE NANTAISE D HOTELLERIE 6,,5 Rue du Moulin de la Halvêque 44300 Nantes,2010,11
44,PORT SAINT PERE,82866517400011,HOTEL NUIT DE RETZ,HOTEL NUIT DE RETZ,HOTEL NUIT DE RETZ,Rue de la Morinière 44710 Port-Saint-Père,2017,11
44,SAINT NAZAIRE,81781841200014,ZENITUDE SAINT-NAZAIRE,ZENITUDE SAINT NAZAIRE,ZENITUDE HOTEL & RESIDENCES LES PORTES DE L'OCEAN,47 Boulevard de la Libération 44600 Saint-Nazaire,2016,11
44,SAINT NAZAIRE,81806446100010,HOTEL DES TROENES,HOTEL DES TROENES,ECONUIT,5 Rue des Troènes 44600 Saint-Nazaire,2017,11
44,NANTES,85680076800017,HOTEL DES TROIS MARCHANDS,HOTEL DES TROIS MARCHANDS,,26 Rue Armand Brossard 44000 Nantes,1956,11
44,NANTES,49261867300015,HOTEL DE LA REGATE,HOTEL DE LA REGATE,,155 Route de Gachet 44300 Nantes,2006,11
44,SAINT SEBASTIEN SUR LOIRE,48911546900012,HOTELANANTES.NET,HOTELANANTES NET,,Avenue Jules Verne 44230 Saint-Sébastien-sur-Loire,2006,11
44,TRIGNAC,33099544000022,SOCIETE HOTEL GRIL DE TRIGNAC,SOCIETE HOTEL GRIL DE TRIGNAC,,Rue de la Fontaine au Brun 44570 Trignac,1984,11
44,PONTCHATEAU,30502528000010,HOTEL RESTAURANT LE RELAIS DE BEAULIEU,HOTEL RESTAURANT LE RELAIS DE BEAULIEU,,Beaulieu 44160 Pontchâteau,1976,11
44,NANTES,30651596600019,DUQUESNE HOTEL,DUQUESNE HOTEL,,12 Allée Duquesne 44000 Nantes,1976,11
44,NANTES,34409941100011,EURL HOTEL AMIRAL,EURL HOTEL AMIRAL,,26 bis Rue Scribe 44000 Nantes,1988,11
44,SAINTE LUCE SUR LOIRE,41317016800012,HOTEL GRIL DE SAINTE LUCE,HOTEL GRIL DE SAINTE LUCE,HOTEL INN DESIGN,Boulevard des Patureaux 44980 Sainte-Luce-sur-Loire,1997,11
44,ERBRAY,42876729700016,LA FERRIERE,LA FERRIERE,,Rue du Commun de la Motte 44110 Erbray,2000,11
44,NANTES,43042631200012,ASTORIA,ASTORIA,,11 Rue de Richebourg 44000 Nantes,2000,11
44,SAINT HERBLAIN,45387966000026,PORTOLOIN,PORTOLOIN,INTER-HOTEL,1 Rue des Piliers de la Chauvinière 44800 Saint-Herblain,2004,11
44,MACHECOUL SAINT MEME,39774200800030,EURL BADAU,EURL BADAU,,Le Baril 44270 Machecoul-Saint-Même,1994,11
44,CHATEAUBRIANT,35056079300019,ALLEAUME*CHRISTIAN/,MONSIEUR CHRISTIAN ALLEAUME,,23 Place de la Motte 44110 Châteaubriant,1989,11
44,NANTES,80879022400014,PERSEVERANCE,PERSEVERANCE,,27 Rue du Chemin Rouge 44300 Nantes,2015,11
44,NANTES,82525825400028,ZENITUDE NANTES LA BEAUJOIRE,ZENITUDE NANTES LA BEAUJOIRE,ZENITUDE HOTEL-RESIDENCES NANTES LA BEAUJOIRE,2 Rue des Citrines 44300 Nantes,2017,11
44,PORNIC,81843931700012,SEHDP,SEHDP,LE MAURITIA,12 Rue Jean Monnet 44210 Pornic,2016,11
44,NANTES,85580131200015,GRAND HOTEL DE PARIS,GRAND HOTEL DE PARIS,HOTEL POMMERAYE,2 Rue Boileau 44000 Nantes,1955,11
44,SORINIERES (LES),49514883500012,LA DILIGENCE,LA DILIGENCE,LA DILIGENCE,33 Rue de Nantes 44840 Les Sorinières,2007,03
44,CHATEAUBRIANT,50067298500016,HOTEL LE CHATEAUBRIANT,HOTEL LE CHATEAUBRIANT,LE CHATEAUBRIANT,30 Rue du 11 Novembre 44110 Châteaubriant,2007,03
44,GAVRE (LE),50101228000019,AUBERGE DE LA FORET SARL,AUBERGE DE LA FORET SARL,,La Maillardais 44130 Le Gâvre,2007,03
44,SAINT PERE EN RETZ,48906270300017,MALIK,MALIK,GRAND HOTEL,9 Place de la Mairie 44320 Saint-Père-en-Retz,2006,03
44,NANTES,33930802500032,MONCECCHI*ANDREE LUCILE/,MADAME ANDREE MONCECCHI,,9 Allée Commandant Charcot 44000 Nantes,1986,03
44,NANTES,34381220200020,AMANDINE LA BEAUJOIRE,AMANDINE LA BEAUJOIRE,,45 Boulevard des Batignolles 44300 Nantes,1988,03
44,SAINT HERBLAIN,50488747200026,FIMOP,FIMOP,ATLANTYS HOTEL,8 Rue des Cochardières 44800 Saint-Herblain,2008,03
44,NANTES,44424102000031,SARL HOTEL LE SURCOUF,SARL HOTEL LE SURCOUF,LE SURCOUF,38 Rue de Richebourg 44000 Nantes,2002,03
44,NANTES,44004257000026,CONSTELLA 2B,CONSTELLA 2B,,10 Place Viarme 44000 Nantes,2001,03
44,VERTOU,41925135000015,MPPA,MPPA,,53 Boulevard de l'Europe 44120 Vertou,1998,03
44,PORNIC,41398934400028,RESIDENCE SAINT JOSEPH,RESIDENCE SAINT JOSEPH,,Rue des Noelles 44210 Pornic,1997,03
44,BERNERIE EN RETZ (LA),41267094500028,BLIN*DESLANDES/MARIE-NOEL/,MADAME MARIE NOEL DESLANDES,,12 Rue Georges Clémenceau 44760 La Bernerie-en-Retz,1997,02
44,NANTES,48521395300014,SARL G.D.,SARL G D,,1 Rue de Belfort 44000 Nantes,2005,03
44,SAINT NAZAIRE,48258084200037,LE GASCOGNE,LE GASCOGNE,BY HOLIDAY INN EXPRESS,1 Rue de la Floride 44600 Saint-Nazaire,2005,03
44,PORNIC,44767683400016,SARL HOTEL DES ALIZES,SARL HOTEL DES ALIZES,,44 Rue du Général de Gaulle 44210 Pornic,2003,03
44,SAINT NAZAIRE,44970832000014,LE BERRY,LE BERRY,HOTEL LE BERRY - CHEZ TATA,1 Place Pierre Sémard 44600 Saint-Nazaire,2003,03
44,SAINT HERBLAIN,39785119700012,HOTEL RESIDENCE DE LA MARINE,HOTEL RESIDENCE DE LA MARINE,,Rue de la Rabotière 44800 Saint-Herblain,1994,03
44,BAULE ESCOUBLAC (LA),39149783100027,HOTEL LE CHRISTINA,HOTEL LE CHRISTINA,HOTEL ADRIANA,26 Boulevard Hennecart 44500 La Baule-Escoublac,1993,03
44,NANTES,42423224700017,SNH,SNH,HOTEL CHOLET - VOLTAIRE OPERA,10 Rue Gresset 44000 Nantes,1999,03
44,NANTES,43993248400025,SHAT SOCIETE HOTELIERE AU TERMINUS,SHAT SOCIETE HOTELIERE AU TERMINUS,,3 Allée Commandant Charcot 44000 Nantes,2001,03
44,SAINT NAZAIRE,53490329900012,LMD,LMD,HOTEL DE L'EUROPE,2 Place des Martyrs de la Résistance 44600 Saint-Nazaire,2011,03
44,MESANGER,53112394100043,CARPE DIEM HDG,CARPE DIEM HDG,,630 Rue de l'Industrie 44522 Mésanger,2011,
44,SAINT HERBLAIN,53532442000020,ATLANTIS BHO,ATLANTIS BHO,,3 Rue Victor Schoelcher 44800 Saint-Herblain,2011,03
44,BERNERIE EN RETZ (LA),75131998900016,DOMAINE DE LA GRESSIERE,DOMAINE DE LA GRESSIERE,,Rue de la Noue Fleurie 44760 La Bernerie-en-Retz,2012,03
44,SAVENAY,74984439500022,SAV'HOTEL,SAV HOTEL,B & B,Allée des Lauriers 44260 Savenay,2012,03
44,PORNIC,79264279500019,LES SABLONS,LES SABLONS,LES SABLONS,13 Rue des Sablons 44210 Pornic,2013,03
44,NANTES,75165580400019,SOCIETE D'EXPLOITATION DE LA RESIDENCE IMPERATRICE EUGENIE PAR ABREVIATION S.E.R.I.E.,SOCIETE D EXPLOITATION DE LA RESIDENCE IMPERATRICE EUGENIE PAR ABREVIATION S E R I E,,7 Rue de la Verrerie 44100 Nantes,2012,NN
44,BAULE ESCOUBLAC (LA),50085577000011,HOTEL DES DUNES,HOTEL DES DUNES,HOTEL DES DUNES,277 Avenue du Maréchal de Lattre de Tassigny 44500 La Baule-Escoublac,2007,03
44,VAIR SUR LOIRE,31712183800013,HOTEL DE LA LOIRE,HOTEL DE LA LOIRE,,Le Jarrier 44150 Vair-sur-Loire,1979,03
44,VALLET,31877290200017,CLAIR DE LIE,CLAIR DE LIE,HOTEL CLAIR DE LIE RESTAURANT DE LA GARE,Rue Saint-vincent 44330 Vallet,1980,03
44,AVESSAC,42039163300013,SARL HELIGON,SARL HELIGON,,12 Place de l'Eglise 44460 Avessac,1998,03
44,NANTES,42999627500013,H.D.C.,H D C,IBIS STYLES,5 Rue du Chapeau Rouge 44000 Nantes,2000,03
44,SAINT NAZAIRE,44242053500019,L'ESCALE MARITIME,L ESCALE MARITIME,,4 Avenue du Commandant l'Herminier 44600 Saint-Nazaire,2002,03
44,NANTES,43490657400026,HOTEL MDM NANTES,HOTEL MDM NANTES,,2 bis Rue Santeuil 44000 Nantes,2001,03
44,BERNERIE EN RETZ (LA),39863838700041,LE HOUEZEC,LE HOUEZEC,,17 Rue de la Corderie 44760 La Bernerie-en-Retz,1994,03
44,NANTES,48762698800025,LECABEL,LECABEL,HOTEL ABAT JOUR,17 Rue Geoffroy Drouet 44000 Nantes,2006,02
44,SAINT MICHEL CHEF CHEF,48773318000011,LES 2 CHEFS,LES 2 CHEFS,HOTEL DE BRETAGNE,7 Rue Joseph Grellier 44730 Saint-Michel-Chef-Chef,2005,02
44,NANTES,47988433000016,CENTRE HOTEL,CENTRE HOTEL,,7 Rue Saint Nicolas 44000 Nantes,2004,02
44,SAVENAY,48521174200013,HOTEL RESTAURANT DE LA GARE,HOTEL RESTAURANT DE LA GARE,HOTEL DE LA GARE,4 Boulevard Branly 44260 Savenay,2005,02
44,NANTES,48774454200019,HOTEL DE LA GARE,HOTEL DE LA GARE,,5 Allée Commandant Charcot 44000 Nantes,2005,02
44,CARQUEFOU,34055117500011,EXPLOITATION HOTELIERE CARQUEFOU,EXPLOITATION HOTELIERE CARQUEFOU,SEH,6 Rue de l'Hôtellerie 44470 Carquefou,1987,02
44,SAINT HERBLAIN,34158392000010,LA NOUVELLE HOTELLERIE FRANCAISE,LA NOUVELLE HOTELLERIE FRANCAISE,,17 Rue Océane 44800 Saint-Herblain,1987,02
44,PORNIC,32425068700013,BEAUSOLEIL,BEAUSOLEIL,,70 Quai Leray 44210 Pornic,1982,02
44,NANTES,51247817300028,PETIT-LE TEO,PETIT LE TEO,HOTEL RENOVA,11 Rue Beauregard 44000 Nantes,2009,02
44,NORT SUR ERDRE,49879318100013,HOTEL DE BRETAGNE,HOTEL DE BRETAGNE,HOTEL DE BRETAGNE,41 Rue Aristide Briand 44390 Nort-sur-Erdre,2007,02
44,CARQUEFOU,51088667400033,ALEXANDRIE,ALEXANDRIE,,8 Rue de l'Hôtellerie 44470 Carquefou,2009,02
44,BAULE ESCOUBLAC (LA),50246649300017,MATMI 2,MATMI 2,ALCYON,19 Avenue des Pétrels 44500 La Baule-Escoublac,2008,02
44,VERTOU,50382535800016,LE LAURIER FLEURI,LE LAURIER FLEURI,LE RELAIS DU LAURIER FLEURI,460 Route de Clisson 44120 Vertou,2008,02
44,VALLET,50129552100014,SARL QUINTARD,SARL QUINTARD,DON QUICHOTTE,35 Route de Clisson 44330 Vallet,2007,02
44,BOUGUENAIS,43459128500029,SARL 2F,SARL 2F,,Aeroport Nantes Atlantique 44340 Bouguenais,2001,02
44,NANTES,44947690200019,HOTEL CHATEAUBRIAND,HOTEL CHATEAUBRIAND,,2 bis Rue Chateaubriand 44000 Nantes,2003,02
44,SAINTE LUCE SUR LOIRE,43772261400017,HERVIS,HERVIS,HOTEL APARTE,Rue d'Amsterdam 44980 Sainte-Luce-sur-Loire,2001,02
44,PORNICHET,42008789200022,CAP SUD,CAP SUD,LA GALERNE,Port de Plaisance 44380 Pornichet,1998,02
44,ORVAULT,45313268000019,AGORA HOTEL,AGORA HOTEL,,31 Rue Jules Verne 44700 Orvault,2004,02
44,NANTES,47968967100028,SARL HOTEL LE REVENGE,SARL HOTEL LE REVENGE,CARDINAL HOTEL,41 Rue de Richebourg 44000 Nantes,2004,02
44,BAULE ESCOUBLAC (LA),45278308700011,DEVOTEL LA BAULE,DEVOTEL LA BAULE,,7 Avenue des Impairs 44500 La Baule-Escoublac,2004,02
44,VILLENEUVE EN RETZ,38540345600028,MAGNOLIA,MAGNOLIA,LA BOURRINE,5 Chemin de la Culée 44580 Villeneuve-en-Retz,1992,02
44,THOUARE SUR LOIRE,40919417200022,LA ROMAURE,LA ROMAURE,,La Belle Etoile 44470 Thouaré-sur-Loire,1996,02
44,BOUAYE,50909624400017,DELYS*LASSON/BRIGITTE MONIQUE LUCIE/,MADAME BRIGITTE LASSON,,3 Place des Echoppes 44830 Bouaye,2008,02
44,CLISSON,82442212500016,LA CASCADE,LA CASCADE,LA CASCADE,26 Route de Gervaux 44190 Clisson,2016,02
44,SAINT PHILBERT DE GRAND LIEU,83954038200018,HOTEL LA BOSSELLE,HOTEL LA BOSSELLE,HOTEL LA BOSSELLE,12 Rue du Port 44310 Saint-Philbert-de-Grand-Lieu,2018,02
44,SAINT BREVIN LES PINS,80093151100011,HVS,HVS,CONTACT HOTEL L'ESTUAIRE,Avenue Maurice Ravel 44250 Saint-Brevin-les-Pins,2014,02
44,SAINT NAZAIRE,80958027700014,LA LUNE,LA LUNE,LA LUNA,15 Avenue de la République 44600 Saint-Nazaire,2015,02
44,SAVENAY,82003471800016,COTE LAC,COTE LAC,,Route du Lac 44260 Savenay,2016,02
44,PORNIC,75358748400019,ANDRE,ANDRE,HOTEL SALEA,ZA les Gentelleries 44210 Pornic,2012,02
44,CARQUEFOU,78972701300029,QUARTO,QUARTO,CHATEAU DE MAUBREUIL,Allée de Maubreuil 44470 Carquefou,2012,
44,BAULE ESCOUBLAC (LA),75353149000013,SARL ADONIS LA BAULE,SARL ADONIS LA BAULE,ADONIS LA BAULE,53 Avenue du Marechal Franchet d'Espérey 44500 La Baule-Escoublac,2012,02
44,PIRIAC SUR MER,49438308600027,CEDAXESYL,CEDAXESYL,HOTEL DU PORT,3 Quai de Verdun 44420 Piriac-sur-Mer,2007,02
44,HAUTE GOULAINE,34528372500017,HOTEL DE LA LOUEE,HOTEL DE LA LOUEE,,Route de la Louée 44115 Haute-Goulaine,1988,02
44,LOIREAUXENCE,45361101400011,EURL TERRIEN JEAN-MARC,EURL TERRIEN JEAN MARC,LA CLOSERIE DES ROSES,455 Rue de la Haute Meilleraie 44370 Loireauxence,2004,02
44,SAINTE LUCE SUR LOIRE,47792561400018,SORIMO,SORIMO,,2 Rue Louis Armand 44980 Sainte-Luce-sur-Loire,2004,02
44,CHAPELLE SUR ERDRE (LA),45033702700046,NID'ANGE,NID ANGE,,Rue du Val de Gesvres 44240 La Chapelle-sur-Erdre,2003,02
44,BAULE ESCOUBLAC (LA),43175224500016,LA MASCOTTE,LA MASCOTTE,,26 Avenue Marie-louise 44500 La Baule-Escoublac,2000,02
44,NANTES,43188889000016,SONICO,SONICO,,36 Rue Maréchal Joffre 44000 Nantes,2000,02
44,ORVAULT,30085010400039,HOTEL DU PARC,HOTEL DU PARC,,92 Rue de la Garenne 44700 Orvault,1991,02
44,PORNICHET,40024977700022,VILLA FLORNOY,VILLA FLORNOY,,7 Avenue Flornoy 44380 Pornichet,1995,02
44,SAVENAY,51843021000014,MCJ,MCJ,HOTEL LE CHENE VERT,10 Place de l'Hôtel de Ville 44260 Savenay,2009,02
44,SAINT NAZAIRE,50826344900011,SARL DELCYG  &  CO,SARL DELCYG CO,ANAIADE,45 Route de Fondeline 44600 Saint-Nazaire,2008,02
44,SAINT LYPHARD,53401790000018,PRESQU'ILE REST,PRESQU ILE REST,LES CHAUMIERES DU LAC AUBERGE LES TYPHAS,Rue du Vignonnet 44410 Saint-Lyphard,2011,02
44,VALLONS DE L'ERDRE,51184759200017,LE PRIEURE,LE PRIEURE,,Rue du Prieuré 44540 Vallons-de-l'Erdre,2009,02
44,SAINT BREVIN LES PINS,75139327300014,SARL SALOME,SARL SALOME,LE PETIT TRIANON,239 Avenue de Mindin 44250 Saint-Brevin-les-Pins,2012,02
44,CHEVROLIERE (LA),49860949400022,VILLA DES MARAIS,VILLA DES MARAIS,VILLA DES MARAIS,4 Rue de la Guillauderie 44118 La Chevrolière,2008,01
44,THOUARE SUR LOIRE,47955980900021,CALIHU,CALIHU,LA CLOSERIE,32 Route du Chêne Vert 44470 Thouaré-sur-Loire,2004,01
44,CHATEAUBRIANT,50971724500013,SIMON*ARNAUD JONNHY/,MONSIEUR ARNAUD SIMON,LE CASTILLO,21 Rue d'Ancenis 44110 Châteaubriant,2009,01
44,SAINT NAZAIRE,44060012000016,HOTEL LE BRETAGNE,HOTEL LE BRETAGNE,,7 Avenue de la République 44600 Saint-Nazaire,2002,01
44,LOIREAUXENCE,41884783600024,SARL LE PORT,SARL LE PORT,LE PETIT PECHEUR,50 Rue de la Haute Meilleraie 44370 Loireauxence,2005,01
44,NORT SUR ERDRE,48464088300019,SARL LE RELAIS DE LA GRANGE,SARL LE RELAIS DE LA GRANGE,,Rue d'Anjou 44390 Nort-sur-Erdre,2005,01
44,NOZAY,48529554700015,THEOLISE,THEOLISE,HOTEL DES 3 MARCHANDS,1 Route d'Abbaretz 44170 Nozay,2005,01
44,PIRIAC SUR MER,44870194600015,ARCHE DE NOE,ARCHE DE NOE,,26 Rue de la Plage 44420 Piriac-sur-Mer,2003,01
44,BAULE ESCOUBLAC (LA),00587002700017,HOTEL LA CONCORDE,HOTEL LA CONCORDE,,1 b Avenue de la Concorde 44500 La Baule-Escoublac,1969,01
44,BAULE ESCOUBLAC (LA),44424435400015,LA CLE ET LA COUETTE,LA CLE ET LA COUETTE,LE SAINT PIERRE HOTELS LA BAULE,124 Avenue du Maréchal de Lattre de Tassigny 44500 La Baule-Escoublac,2002,01
44,BAULE ESCOUBLAC (LA),38092669100011,LE LUTETIA & SPA,LE LUTETIA SPA,LE LUTETIA & SPA,13 Avenue Olivier Guichard 44500 La Baule-Escoublac,1991,01
44,CHAPELLE SUR ERDRE (LA),81143009900010,WEST EVENTS TAVERNY,WEST EVENTS TAVERNY,,30 Rue de l'Europe 44240 La Chapelle-sur-Erdre,2015,01
44,NANTES,51378133600013,ODIXA,ODIXA,HOTEL COEUR DE LOIRE,3 Rue Anatole le Braz 44000 Nantes,2009,01
44,SAINT NICOLAS DE REDON,52328895900019,HOLDING ANDI,HOLDING ANDI,,42 Avenue Jean Burel 44460 Saint-Nicolas-de-Redon,2010,01
44,TURBALLE (LA),75051776500012,MARTINAND,MARTINAND,,11 Boulevard Bellanger 44420 La Turballe,2012,01
44,LOROUX BOTTEREAU (LE),53534564900011,LE CHEVAL BLANC,LE CHEVAL BLANC,LE CHEVAL BLANC,6 Place Saint-jean 44430 Le Loroux-Bottereau,2011,01
44,GUEMENE PENFAO,52459093200017,LE CHALET I.R,LE CHALET I R,,Rue des Moulins 44290 Guémené-Penfao,2010,01
44,NANTES,52047101200010,AMIRIS,AMIRIS,HOTEL DU CHATEAU,5 Place de la Duchesse Anne 44000 Nantes,2010,01
44,CHAPELLE SUR ERDRE (LA),81250759800017,WEST EVENTS TOURS EST,WEST EVENTS TOURS EST,,30 Rue de l'Europe 44240 La Chapelle-sur-Erdre,2015,01
44,BAULE ESCOUBLAC (LA),80302428000015,SNC LE QUINTREC - JAFFREDO,SNC LE QUINTREC JAFFREDO,HOTEL ASTROLABE - CAFE DES SPORTS,106 Avenue du Maréchal de Lattre de Tassigny 44500 La Baule-Escoublac,2014,01
44,NANTES,80061014900018,LB HOTEL,LB HOTEL,,11 Rue Fourcroy 44000 Nantes,2014,01
44,MISSILLAC,79801846100029,ALYS,ALYS,,La Briandais 44780 Missillac,2013,01
44,GUERANDE,80238418000013,LES QUATRE SAISONS,LES QUATRE SAISONS,,12 Boulevard de l'Abreuvoir 44350 Guérande,2014,01
44,CROISIC (LE),82230945600017,SARL LES EMBRUNS BLEUS,SARL LES EMBRUNS BLEUS,,12 Avenue du Castouillet 44490 Le Croisic,2016,01
44,CROISIC (LE),81965563000013,HOTEL LES NIDS,HOTEL LES NIDS,HOTEL LES NIDS,15 Rue Pasteur 44490 Le Croisic,2016,01
44,NANTES,75341167700010,SATORI,SATORI,,11 Rue de Richebourg 44000 Nantes,2012,01
44,GUERANDE,38447233800043,BELLEC*FABRICE/,MONSIEUR FABRICE BELLEC,HOTEL RESTAURANT DES REMPARTS,14 Boulevard du Nord 44350 Guérande,1992,01
44,BAULE ESCOUBLAC (LA),53533278700014,MONA LISA,MONA LISA,,42 Avenue Georges Clémenceau 44500 La Baule-Escoublac,2011,01
44,NANTES,51792061700027,BEAUVILLAIN,BEAUVILLAIN,,6 Rue du Chemin Rouge 44300 Nantes,2009,01
44,MESQUER,50446635000015,SARL JMS,SARL JMS,LE RELAIS MARINE,276 Rue Centrale 44420 Mesquer,2008,01
44,CORSEPT,51931283900011,VALMARELI,VALMARELI,MANOIR DE L'ESPERANCE,L'Esperance 44560 Corsept,2010,01
44,CHATEAUBRIANT,80151990100012,MAUTEL,MAUTEL,LE QUAI 3,3 Rue de la Gare 44110 Châteaubriant,2014,01
44,SAINT HERBLAIN,82758072100013,LA GUILBAUDIERE,LA GUILBAUDIERE,,113 Boulevard Marcel Paul 44800 Saint-Herblain,2017,01
44,POULIGUEN (LE),83408098800019,CASA COSY,CASA COSY,,2 Rue du Croisic 44510 Le Pouliguen,2017,01
44,SAINT NAZAIRE,32794580400034,SOC FINANCIERE GESTION IMMOBILIERE,SOC FINANCIERE GESTION IMMOBILIERE,,1 Rue Michel Ange 44600 Saint-Nazaire,1983,00
44,ORVAULT,44177511100012,CADO*CHRISTIAN PIERRE/,MONSIEUR CHRISTIAN CADO,,129 Route de Rennes 44700 Orvault,2002,00
44,PORT SAINT PERE,39064807900023,BOUTEILLER,BOUTEILLER,,La Fontaine Saint Pere 44710 Port-Saint-Père,1993,00
44,POULIGUEN (LE),00587345000018,AUDUREAU*JEAN CLAUDE/,MONSIEUR JEAN AUDUREAU,,17 Quai Jules Sandeau 44510 Le Pouliguen,1958,00
44,SAVENAY,75400948800018,LES REFLETS DU LAC,LES REFLETS DU LAC,LES REFLETS DU LAC,Route du Lac 44260 Savenay,2012,00
44,PORNICHET,40883153500013,FENETRE SUR MER,FENETRE SUR MER,,104 Boulevard des Océanides 44380 Pornichet,1996,00
44,SAINT HERBLAIN,53405231100014,LE COLISEE,LE COLISEE,LE COLISEE,29 Rue Bobby Sands 44800 Saint-Herblain,2011,00
44,PORNICHET,79240385900012,BERTAUD*BONAMY/BRIGITTE NELLY JEANNE/,MADAME BRIGITTE BONAMY,LE DANICHEFF,45 Avenue du Général de Gaulle 44380 Pornichet,2013,00
44,PORT SAINT PERE,49171625400017,PELLERIN*DANIEL/,MONSIEUR DANIEL PELLERIN,,L'Aubinerie 44710 Port-Saint-Père,2006,
44,SAINT SEBASTIEN SUR LOIRE,32651754700047,FAYE*MATHIEU/,MONSIEUR MATHIEU FAYE,,10 Rue des Grands Noëls 44230 Saint-Sébastien-sur-Loire,1997,
44,LOUISFERT,50350690900020,MAYER*LE COAT/PATRICIA/,MADAME PATRICIA LE COAT,AUBERGE ARMORICAINE,4 Place de l'Eglise 44110 Louisfert,2008,
44,VERTOU,39042772200017,SARL MCM,SARL MCM,,Rue de la Rousselière 44120 Vertou,1993,
44,SAINT MICHEL CHEF CHEF,84982689600011,LES GRANDS CHEFS,LES GRANDS CHEFS,,7 Rue Joseph Grellier 44730 Saint-Michel-Chef-Chef,2019,
44,NANTES,84393436500019,HM SERVICES,HM SERVICES,,22 Mail Pablo Picasso 44000 Nantes,2018,
44,BAULE ESCOUBLAC (LA),83822652000016,TY GWENN HOTEL,TY GWENN HOTEL,TY GWENN,25 Avenue de la Grande Dune 44500 La Baule-Escoublac,2018,
44,CHAUMES EN RETZ,84100183700019,SAS CHATEAU DE NOIRBREUIL,SAS CHATEAU DE NOIRBREUIL,,Chateau du Bois Rouaud (Chéméré) 44680 Chaumes-en-Retz,2018,
44,NANTES,83508791700018,HO.ONE,HO ONE,,46 bis Rue des Hauts Pavés 44000 Nantes,2017,
44,NANTES,84247740800012,HDC,HDC,,11 Rue Guibal 44000 Nantes,2018,
44,CROISIC (LE),80030387700016,SASU MARIS STELLA,SASU MARIS STELLA,MARIS STELLA,1 Avenue Henri Becquerel 44490 Le Croisic,2014,
44,BAULE ESCOUBLAC (LA),88003269300017,HOTEL L'AMIRAUTE,HOTEL L AMIRAUTE,,138 Avenue des Ondines 44500 La Baule-Escoublac,2020,
44,PELLERIN (LE),88215822300017,LES PIEDS DANS L'EAU,LES PIEDS DANS L EAU,,11 Quai du Docteur Provost 44640 Le Pellerin,2020,
44,BERNERIE EN RETZ (LA),87823589400010,HOTEL DE NANTES,HOTEL DE NANTES,HOTEL DE NANTES,12 Rue Georges Clémenceau 44760 La Bernerie-en-Retz,2019,
44,NORT SUR ERDRE,79971528900010,MORISSET*EDITH/,MADAME EDITH MORISSET,,609 Le Plessis Pas Brunet 44390 Nort-sur-Erdre,2014,
44,LIMOUZINIERE (LA),78951054200010,PADIOLEAU*VINCENT/,MONSIEUR VINCENT PADIOLEAU,,24 Rue Charles de Gaulle 44310 La Limouzinière,2012,
44,NANTES,82228299200012,SAINT-JALMES*LIONEL RAYMOND YANNICK/,MONSIEUR LIONEL SAINT JALMES,GITE DU 15 RUE PERNO,22 Rue des Six Aqueducs 44100 Nantes,2016,
44,SAFFRE,82764318000017,L'ESCAMPETTE,L ESCAMPETTE,,Le Champion 44390 Saffré,2017,
44,PORNICHET,83026877700018,ADONIS BUDGET PORNICHET,ADONIS BUDGET PORNICHET,ADONIS BUDGET PORNICHET,5 Avenue du Gulf Stream 44380 Pornichet,2017,
44,BATZ SUR MER,82143369500029,SARL MIKA,SARL MIKA,HOTEL DES MARAIS SALANTS,22 Rue de la Gare 44740 Batz-sur-Mer,2016,
44,MAUVES SUR LOIRE,82161900400012,GARE AUX GOURMANDS,GARE AUX GOURMANDS,,3 Avenue de la Gare 44470 Mauves-sur-Loire,2016,
44,VERTOU,84476113000013,MORPHEE,MORPHEE,AKENA,5 Impasse de la Visonnière 44120 Vertou,2018,
44,BERNERIE EN RETZ (LA),85155384200010,LES ARTISANS DU CHATEAU,LES ARTISANS DU CHATEAU,,Rue de la Noue Fleurie 44760 La Bernerie-en-Retz,2019,
44,PANNECE,85219175800014,PIERRE,PIERRE,LE DONNEAU,110 Place de l'Eglise 44440 Pannecé,2019,
44,NANTES,84853689200013,CHA SERVICES,CHA SERVICES,,22 Mail Pablo Picasso 44000 Nantes,2019,
44,CELLIER (LE),79008892600015,SEGAUMILOD,SEGAUMILOD,,51 Allée de la Coulée 44850 Le Cellier,2012,
44,NANTES,82104007800023,JOLLY ROGERS,JOLLY ROGERS,LA DROLE DE BARGE,Quai Malakoff 44000 Nantes,2016,
44,CHAPELLE SUR ERDRE (LA),89080238200014,WEST EVENTS BREST,WEST EVENTS BREST,,30 Rue de l'Europe 44240 La Chapelle-sur-Erdre,2020,
44,NANTES,88155682300014,HOTEL SAINT YVES NANTES,HOTEL SAINT YVES NANTES,,154 Rue Général Buat 44000 Nantes,2020,
44,NANTES,87793471100012,CORREA LB,CORREA LB,ARVORE SENS,19 Quai de la Fosse 44000 Nantes,2019,
44,CHAPELLE SUR ERDRE (LA),87795335600012,WEST EVENTS CHALIFERT,WEST EVENTS CHALIFERT,,30 Rue de l'Europe 44240 La Chapelle-sur-Erdre,2019,
44,SORINIERES (LES),88415151500027,AKENA GESTION,AKENA GESTION,,Route de Villeneuve 44840 Les Sorinières,2020,
44,CROISIC (LE),88514319800012,NACALYS,NACALYS,AU FIN GOURMET,1 Rue du Pilori 44490 Le Croisic,2020,
44,MONTAGNE (LA),88936653000018,SAS LA GUERIVIERE,SAS LA GUERIVIERE,,8 Avenue de la Libération 44620 La Montagne,2020,
44,NANTES,75297962500015,BOURON,BOURON,,Rue de Coulmiers 44000 Nantes,2012,
44,ANCENIS,81024258600016,MAUCOURT*MICHEL GHISLAIN/,MONSIEUR MICHEL MAUCOURT,,51 Ruelle des 3 Marchands 44150 Ancenis-Saint-Géréon,2015,
44,THOUARE SUR LOIRE,81263336000027,SOCIETE DE GESTION DE LA RESIDENCE DE PORNICHET,SOCIETE DE GESTION DE LA RESIDENCE DE PORNICHET,,26 Rue du Moulin des Chalonges 44470 Thouaré-sur-Loire,2015,
44,SAINT PERE EN RETZ,80346536800014,GUCHET*OLIVIER/,MONSIEUR OLIVIER GUCHET,,2 La Missaudais 44320 Saint-Père-en-Retz,2014,
44,SAINT NAZAIRE,80429101100026,VALKYRIE,VALKYRIE,,45 Rue Jean Jaurès 44600 Saint-Nazaire,2014,
44,BATZ SUR MER,82516777800026,LA GEDE,LA GEDE,,60 Rue de Ker d'Abas 44740 Batz-sur-Mer,2017,
44,SAINTE LUCE SUR LOIRE,82902626900011,MALIROOM,MALIROOM,LOVE ROOM 44,Route de la Haie 44980 Sainte-Luce-sur-Loire,2017,
44,NANTES,81972334700012,FD HOME,FD HOME,,13 Avenue de la Pajaudière 44000 Nantes,2016,
44,CHAPELLE SUR ERDRE (LA),83309954200015,FERRAND*DELYE/NICOLE/,MADAME NICOLE DELYE,,34 Rue de la Rivière 44240 La Chapelle-sur-Erdre,2016,
44,NANTES,84458406000017,GNAOUI*SAIDI/FATOUM/,MADAME FATOUM SAIDI,LE MONDIAL,13 Allée Commandant Charcot 44000 Nantes,2017,
44,BAULE ESCOUBLAC (LA),85291870500017,L'ARAUCARIA,L ARAUCARIA,,15 Esplanade Benoît 44500 La Baule-Escoublac,2019,
44,PORNICHET,85316187500010,AMELMA,AMELMA,NORMANDY HOTEL,120 Avenue de Mazy 44380 Pornichet,2019,
44,NANTES,83460769900016,XRIS,XRIS,XRIS,1 Rue du Guesclin 44000 Nantes,2018,
44,NANTES,87999369900013,SAS NANTES CHEMIN ROUGE,SAS NANTES CHEMIN ROUGE,,23 Rue du Chemin Rouge 44300 Nantes,2020,
44,PORNIC,88125099700015,L'INSTANT PRESENT,L INSTANT PRESENT,,14 Rue du Plessis Allais 44210 Pornic,2020,
44,NANTES,88363715900012,BOUTIQUE HOTEL NOVELLA,BOUTIQUE HOTEL NOVELLA,,1 Quai de la Jonelière 44300 Nantes,2020,
44,POULIGUEN (LE),88375095200011,KER MAX,KER MAX,LE MONDES,13 Rue du Centre 44510 Le Pouliguen,2020,
44,NANTES,33496379000020,SIGEST 1,SIGEST 1,IBIS NANTES CENTRE GARE SUD,3 Allée Baco 44000 Nantes,1986,NN
44,NANTES,41158930200024,SARL BANANTES,SARL BANANTES,QUICK PALACE,6 Rue du Chemin Rouge 44300 Nantes,1997,NN
44,SAINT ANDRE DES EAUX,41771634700014,SARL CYNTHIA,SARL CYNTHIA,,Le Golf de Saint Denac 44117 Saint-André-des-Eaux,1998,NN
44,ORVAULT,40349052700039,MATOUBA,MATOUBA,,38 Rue Jules Verne 44700 Orvault,1995,NN
44,PORNICHET,41186385500036,SUD BRETAGNE,SUD BRETAGNE,,17 bis Avenue de Prieux 44380 Pornichet,1997,NN
44,SAINT ANDRE DES EAUX,41457570400021,SARL BOUILLON,SARL BOUILLON,,Le Golf de Saint Denac 44117 Saint-André-des-Eaux,1997,NN
44,NANTES,40436257600211,RESIDENCES SERVICES GESTION,RESIDENCES SERVICES GESTION,,4 Rue Émile Péhant 44000 Nantes,1996,NN
44,NANTES,40436257600310,RESIDENCES SERVICES GESTION,RESIDENCES SERVICES GESTION,,7 Chaussée de la Madeleine 44000 Nantes,1996,NN
44,NANTES,40436257600351,RESIDENCES SERVICES GESTION,RESIDENCES SERVICES GESTION,,41 Boulevard Albert Einstein 44300 Nantes,1996,NN
44,NANTES,40436257600435,RESIDENCES SERVICES GESTION,RESIDENCES SERVICES GESTION,,26 Rue du Champ de Tir 44300 Nantes,1996,
44,SAINTE LUCE SUR LOIRE,48041657700066,EUROPEENNE RESIDENCES SERVICES,EUROPEENNE RESIDENCES SERVICES,,13 Rue Marcel Dassault 44980 Sainte-Luce-sur-Loire,2005,NN
44,SAINT ANDRE DES EAUX,40316849500022,LF INVEST,LF INVEST,,Le Petit Brangouré - St-denac 44117 Saint-André-des-Eaux,1995,NN
44,SAINT ANDRE DES EAUX,38396505000024,SOC SERAQUI,SOC SERAQUI,,Le Golf de Saint Denac 44117 Saint-André-des-Eaux,1991,NN
44,SAINT ANDRE DES EAUX,38501856900025,SOCIETE VALINVEST,SOCIETE VALINVEST,,Route de Saint-denac 44117 Saint-André-des-Eaux,1992,NN
44,SAINT ANDRE DES EAUX,38237154000024,SOCIETE DEMARY,SOCIETE DEMARY,,Route de Saint-denac 44117 Saint-André-des-Eaux,1991,NN
44,PORNICHET,35318983000063,SOC DEVELOPPEMENT RESTAURATION,SOC DEVELOPPEMENT RESTAURATION,HOTEL KER JULIETTE,2 Avenue des Bleuets 44380 Pornichet,1990,NN
44,SAINT ANDRE DES EAUX,35261097600032,BAUCHART*JOEL YVES/,MONSIEUR JOEL BAUCHART,,Le Golf de Saint Denac 44117 Saint-André-des-Eaux,1989,NN
44,NANTES,30239426700140,SOCIETE D ETUDE ET DE PROMOTION HOTELIERE INTERNATIONALE,SOCIETE D ETUDE ET DE PROMOTION HOTELIERE INTERNATIONALE,IBIS,19 Rue Jean Jaurès 44000 Nantes,1975,NN
44,NANTES,52491948700016,SARL HB + NANTES,SARL HB NANTES,RESIDENCE QUALITY HOTEL ET SUITES,27 Rue du Chemin Rouge 44300 Nantes,2010,NN
44,BAULE ESCOUBLAC (LA),52972282900031,OTELISSIM,OTELISSIM,LE MARINI,22 Avenue Georges Clémenceau 44500 La Baule-Escoublac,2011,NN
44,BAULE ESCOUBLAC (LA),52972282900049,OTELISSIM,OTELISSIM,LA PALMERAIE,7 Avenue des Cormorans 44500 La Baule-Escoublac,2011,NN
44,GUERANDE,52972282900056,OTELISSIM,OTELISSIM,EUROCEAN,7 Place de Kerhillier 44350 Guérande,2011,NN
44,DONGES,77566642300089,ASS GEST INSTITUT SOC MARITIME,ASS GEST INSTITUT SOC MARITIME,CENTRE MARITIME,Zone Portuaire 44480 Donges,1900,NN
44,SAINT HERBLAIN,34513468800026,HOTELLERIE DE LA CHAUVINIERE,HOTELLERIE DE LA CHAUVINIERE,FORMULE 1,4 Rue des Piliers de la Chauvinière 44800 Saint-Herblain,1988,NN
44,SAINT ANDRE DES EAUX,41486615200021,EURL JUNI,EURL JUNI,,Le Petit Brangouré - St-denac 44117 Saint-André-des-Eaux,1997,NN
44,GUERANDE,40175631700038,RIGAULT*LOIC/,MONSIEUR LOIC RIGAULT,,2 Avenue de la Clairière 44350 Guérande,1995,NN
44,NANTES,40206971000901,SOCIETE D'INVESTISSEMENT MULTIMARQUES SIM,SOCIETE D INVESTISSEMENT MULTIMARQUES SIM,MERCURE NANTES CENTRE GRAND HOTEL,4 Rue du Couédic 44000 Nantes,1995,
44,SAINT ANDRE DES EAUX,38026197400022,SOCIETE MOCQUOT,SOCIETE MOCQUOT,,Le Golf de Saint Denac 44117 Saint-André-des-Eaux,1989,NN
44,PORNICHET,75073544100024,PORNICHET HOTELLERIE,PORNICHET HOTELLERIE,COUETT'HOTELS,5 Avenue du Gulf Stream 44380 Pornichet,2012,NN
44,VERTOU,81087784500026,FLORYVES,FLORYVES,,51 Route de Nantes 44120 Vertou,2015,NN
44,NANTES,50832115502473,PV RESIDENCES & RESORTS FRANCE,PV RESIDENCES RESORTS FRANCE,ADAGIO ACCESS NANTES VIARMES,42 Rue Russeil 44000 Nantes,2008,
44,SAINT HERBLAIN,49017612001260,APPART'CITY,APPART CITY,APPART'CITY,2 Rue Victor Schoelcher 44800 Saint-Herblain,2006,11
44,TURBALLE (LA),77563413201117,V V F VILLAGES,V V F VILLAGES,,Rue de la Croix de l'Anse 44420 La Turballe,1900,02
44,CROISIC (LE),45244038100567,SOCIETE D'EXPLOITATION DES RESIDENCES HOTELIERES RAIL,SOCIETE D EXPLOITATION DES RESIDENCES HOTELIERES RAIL,,Rue du Président René Coty 44490 Le Croisic,2004,02
44,NANTES,45244038101078,SOCIETE D'EXPLOITATION DES RESIDENCES HOTELIERES RAIL,SOCIETE D EXPLOITATION DES RESIDENCES HOTELIERES RAIL,,133 Boulevard Ernest Dalby 44000 Nantes,2004,03
44,BAULE ESCOUBLAC (LA),00578096000018,SOCIETE IMMOBILIERE TOURISTIQUE ET HOTELIERE DE LA BAULE EN ABREGE SITH LA BAULE,SOCIETE IMMOBILIERE TOURISTIQUE ET HOTELIERE DE LA BAULE EN ABREGE SITH LA BAULE,,Esplanade François André 44500 La Baule-Escoublac,1957,NN
44,BAULE ESCOUBLAC (LA),00578096000026,SOCIETE IMMOBILIERE TOURISTIQUE ET HOTELIERE DE LA BAULE EN ABREGE SITH LA BAULE,SOCIETE IMMOBILIERE TOURISTIQUE ET HOTELIERE DE LA BAULE EN ABREGE SITH LA BAULE,HOTEL ROYAL THALASSO,6 Avenue Pierre Loti 44500 La Baule-Escoublac,1957,22
44,BAULE ESCOUBLAC (LA),00578096000075,SOCIETE IMMOBILIERE TOURISTIQUE ET HOTELIERE DE LA BAULE EN ABREGE SITH LA BAULE,SOCIETE IMMOBILIERE TOURISTIQUE ET HOTELIERE DE LA BAULE EN ABREGE SITH LA BAULE,CASTEL MARIE-LOUISE,Avenue Heurteau 44500 La Baule-Escoublac,1957,12
44,BAULE ESCOUBLAC (LA),42486043500231,VACANCES BLEUES RESIDENCES,VACANCES BLEUES RESIDENCES,LA VILLA CAROLINE,46 Avenue des Lilas 44500 La Baule-Escoublac,1999,02
44,CHAPELLE SUR ERDRE (LA),37804750000343,B & B HOTELS,B B HOTELS,B & B HOTELS,Rue du Val de Gesvres 44240 La Chapelle-sur-Erdre,1990,
44,TRIGNAC,37804750000384,B & B HOTELS,B B HOTELS,B & B,Rue des Aigrettes 44570 Trignac,1990,NN
44,NANTES,37804750000582,B & B HOTELS,B B HOTELS,B & B HOTELS,Place Viarme 44000 Nantes,1990,NN
44,BOUGUENAIS,37804750000590,B & B HOTELS,B B HOTELS,B & B HOTELS,Rue Pierre Latécoère 44340 Bouguenais,1990,NN
44,NANTES,37804750000152,B & B HOTELS,B B HOTELS,B & B,82 Route de Paris 44300 Nantes,1990,02
44,SAINT HERBLAIN,37804750000988,B & B HOTELS,B B HOTELS,B & B HOTELS,Rue du Moulin de la Pâtissière 44800 Saint-Herblain,1990,
44,SAINT SEBASTIEN SUR LOIRE,37804750002166,B & B HOTELS,B B HOTELS,B&B HOTELS,Avenue Jules Verne 44230 Saint-Sébastien-sur-Loire,1990,
44,CHAPELLE SUR ERDRE (LA),39921545800023,WEST EVENTS NANTES ATLANTIQUE,WEST EVENTS NANTES ATLANTIQUE,WESTOTEL,Rue de la Vrière 44240 La Chapelle-sur-Erdre,1994,21
44,SAINT HERBLAIN,42230714000117,TENOTEL,TENOTEL,HOTEL NANTES,Impasse de la Roseraie 44800 Saint-Herblain,1999,03
44,NANTES,50073653300026,SAS HOTEL NANTES GESTION,SAS HOTEL NANTES GESTION,,6 Place Aristide Briand 44000 Nantes,2007,21
44,REZE,34880429500031,GESTION HOTELIERE H M,GESTION HOTELIERE H M,HOTEL PREMIERE CLASSE,Impasse Ordronneau 44400 Rezé,1988,03
44,REZE,34880429500049,GESTION HOTELIERE H M,GESTION HOTELIERE H M,HOTEL GRIL CAMPANILE,6 Impasse Ordronneau 44400 Rezé,1988,11
44,CHAPELLE SUR ERDRE (LA),45402394600220,SASU CAPWEST GROUPE,SASU CAPWEST GROUPE,,92 Rue du Leinster 44240 La Chapelle-sur-Erdre,2004,01
44,CARQUEFOU,45402394600246,SASU CAPWEST GROUPE,SASU CAPWEST GROUPE,,5 bis Rue Antarès 44470 Carquefou,2004,01
44,CARQUEFOU,45402394600253,SASU CAPWEST GROUPE,SASU CAPWEST GROUPE,,1 Rue Jupiter 44470 Carquefou,2004,
44,CARQUEFOU,45402394600154,SASU CAPWEST GROUPE,SASU CAPWEST GROUPE,,3 Rue Augustin Fresnel 44470 Carquefou,2004,01
44,SAUTRON,45402394600196,SASU CAPWEST GROUPE,SASU CAPWEST GROUPE,,Rue de la Hubonnière 44880 Sautron,2004,01
44,CARQUEFOU,45402394600204,SASU CAPWEST GROUPE,SASU CAPWEST GROUPE,,Allée de Maubreuil 44470 Carquefou,2004,01
44,CARQUEFOU,45402394600212,SASU CAPWEST GROUPE,SASU CAPWEST GROUPE,,Rue Joseph Cugnot 44470 Carquefou,2004,11
44,TRIGNAC,39254732900020,PLAISIR SAINT NAZAIRE INVEST HOTELS,PLAISIR SAINT NAZAIRE INVEST HOTELS,PREMIERE CLASSE,Rue du Petit Savine 44570 Trignac,1993,03
44,PORNIC,31377774000025,HOTEL RESTAURANT ANNE DE BRETAGNE,HOTEL RESTAURANT ANNE DE BRETAGNE,HOTEL BEAU SOLEIL,70 Quai Leray 44210 Pornic,1978,NN
44,NANTES,51112619500029,NANTES SAINT JACQUES INVEST HOTEL,NANTES SAINT JACQUES INVEST HOTEL,CAMPANILE,16 Boulevard Emile Gabory 44200 Nantes,2009,12
44,HERIC,53270053100025,CROISIERE DES LANDES,CROISIERE DES LANDES,L' ABREUVOIR,Rue des Garennes 44810 Héric,2011,12
44,POULIGUEN (LE),79949643500030,WEST EVENTS LE POULIGUEN,WEST EVENTS LE POULIGUEN,,6 Boulevard de la Libération 44510 Le Pouliguen,2013,00
44,MISSILLAC,31712169700013,HOTEL DE LA BRETESCHE,HOTEL DE LA BRETESCHE,HOTEL GOLF BRETESCHE,Lieu Dit la Bretesche 44780 Missillac,1979,12
44,SAINT SEBASTIEN SUR LOIRE,79939140400024,LHG NANTES,LHG NANTES,1ERE CLASSE,Avenue Jules Verne 44230 Saint-Sébastien-sur-Loire,2013,03
44,BAULE ESCOUBLAC (LA),77568815300060,ASS UNION SPORTIVE SOCIALE INTER MINIST,ASS UNION SPORTIVE SOCIALE INTER MINIST,HOTEL LE BETTINA,Avenue Bettine 44500 La Baule-Escoublac,1900,00
44,SAINT NAZAIRE,50026636600029,HOTEL DE LA PLAGE,HOTEL DE LA PLAGE,,37 Rue du Commandant Charcot 44600 Saint-Nazaire,2008,11
44,GUERANDE,50054704700026,HOTEL DE LA CITE,HOTEL DE LA CITE,,Rue de Kerbiniou 44350 Guérande,2008,11
44,NANTES,49822239700024,PB ATLANTIQUE,PB ATLANTIQUE,,11 Rue Maréchal de Lattre de Tassigny 44000 Nantes,2007,
44,NANTES,39193714100086,SOCIETE HOTELIERE DU LOGEMENT ETUDIANT,SOCIETE HOTELIERE DU LOGEMENT ETUDIANT,,175 Avenue Louis de Broglie 44300 Nantes,1993,03
44,NANTES,42986809400021,LE JAMTEL,LE JAMTEL,,5 Place de la Duchesse Anne 44000 Nantes,2000,
44,BAULE ESCOUBLAC (LA),81858733900024,C LES VAGUES,C LES VAGUES,LA PALMERAIE,7 Avenue des Cormorans 44500 La Baule-Escoublac,2016,11
44,PORNIC,81373973700027,CW PORNIC,CW PORNIC,,Rue du Val St Martin Ste Marie 44210 Pornic,2015,11
44,TRIGNAC,53084160000022,SOCIETE D'EXPLOITATION DES AURELIADES,SOCIETE D EXPLOITATION DES AURELIADES,,Avenue Barbara 44570 Trignac,2011,11
44,SAINT HERBLAIN,48911546900020,HOTELANANTES.NET,HOTELANANTES NET,B&B HOTELS,Rue du Moulin de la Pâtissière 44800 Saint-Herblain,2006,
44,NANTES,30651596600035,DUQUESNE HOTEL,DUQUESNE HOTEL,LE PETIT DUQUESNE HOTEL,5 Allée Duquesne 44000 Nantes,1976,NN
44,NANTES,30651596600043,DUQUESNE HOTEL,DUQUESNE HOTEL,RESIDENCE DUQUESNE,12 Rue du Marais 44000 Nantes,1976,
44,CARQUEFOU,50344432500156,PRIVILEGE HOTELS & RESORTS,PRIVILEGE HOTELS RESORTS,,134 Route de Carquefou 44470 Carquefou,2008,02
44,CARQUEFOU,41104310200028,HOTEL RESTAURANT DE NANTES,HOTEL RESTAURANT DE NANTES,RELAIS MARMOTTE,4 Rue de l'Hôtellerie 44470 Carquefou,1997,03
44,ORVAULT,39396698100036,AUBERGE DU FORUM,AUBERGE DU FORUM,,13 Rue Jules Verne 44700 Orvault,2004,03
44,BAULE ESCOUBLAC (LA),80508563600027,CW LA BAULE,CW LA BAULE,,10 Avenue de la Lieutenante 44500 La Baule-Escoublac,2014,NN
44,GUERANDE,79902382500034,SARL DG HOTELS GRAND OUEST,SARL DG HOTELS GRAND OUEST,,7 Place de Kerhillier 44350 Guérande,2013,02
44,TRIGNAC,83078811300025,HOTEL A SAINT-NAZAIRE.COM,HOTEL A SAINT NAZAIRE COM,B&B HOTELS,Rue des Aigrettes 44570 Trignac,2017,03
44,SAINT HERBLAIN,49359464200024,CAREVA,CAREVA,,Allée d'Aspin 44800 Saint-Herblain,2007,03
44,CHATEAUBRIANT,38529879900029,SNC HOTEL RESTAURANT DE CHATEAUBRIANT,SNC HOTEL RESTAURANT DE CHATEAUBRIANT,HOTEL MARMOTTE,Rue de Saint-malo 44110 Châteaubriant,1992,03
44,GUERANDE,52334167500024,HOTEL DE BREHADOUR,HOTEL DE BREHADOUR,,Route de Bréhadour 44350 Guérande,2010,03
44,BAULE ESCOUBLAC (LA),82242856100093,LA CLEF DECAMP,LA CLEF DECAMP,TY BRAZ,1 Place Notre-dame 44500 La Baule-Escoublac,2016,
44,NANTES,83515960900022,NANOTEL,NANOTEL,,Rue du Petit Chatelier 44300 Nantes,2018,03
44,MESANGER,51205904900035,ARMOR,ARMOR,,630 Rue de l'Industrie 44522 Mésanger,2009,
44,CROISIC (LE),49346075200022,SARL LES VIKINGS,SARL LES VIKINGS,HOTEL LES VIKINGS,Rue du Maréchal Foch 44490 Le Croisic,2007,02
44,NANTES,50302434100045,TAGERIM RESIDENCES ETUDIANTES,TAGERIM RESIDENCES ETUDIANTES,,2 Rue de la Grande Bretagne 44300 Nantes,2008,01
44,NANTES,52198175300028,NEWCO APPART NANTES CAMPUS,NEWCO APPART NANTES CAMPUS,CITY RESIDENCE,5 Rue Alfred Kastler 44300 Nantes,2010,02
44,NANTES,79990334900048,SEUTHES,SEUTHES,,82 Route de Paris 44300 Nantes,2014,02
44,CROISIC (LE),33157821100046,SARL LE FORT DE L OCEAN,SARL LE FORT DE L OCEAN,FORT DE L'OCEAN,Rond-point de la Reine 44490 Le Croisic,1985,02
44,SAINT NAZAIRE,81093641900029,RESID'ESCALE,RESID ESCALE,,35 Rue de l'Etoile du Matin 44600 Saint-Nazaire,2015,02
44,NANTES,83757252800029,L'HOTEL DU BOUFFAY,L HOTEL DU BOUFFAY,HOTEL SAINT DANIEL,4 Rue du Bouffay 44000 Nantes,2018,02
44,CROISIC (LE),49346073700023,SARL LES VENETES,SARL LES VENETES,LE VENETE,Boulevard Général Leclerc 44490 Le Croisic,2007,01
44,SAINT NAZAIRE,83128576200025,SAINT NAZAIRE APPART HOTEL,SAINT NAZAIRE APPART HOTEL,,39 Rue François Marceau 44600 Saint-Nazaire,2017,
44,NANTES,75341167700028,SATORI,SATORI,LE RICHEBOURG,16 Rue de Richebourg 44000 Nantes,2012,
44,POULIGUEN (LE),78818268100023,LE LICHEN,LE LICHEN,,64 Boulevard des Korrigans 44510 Le Pouliguen,1973,
44,POULIGUEN (LE),33771518900045,BOLLENGIER*DOMINIQUE JACQUES GUY/,MONSIEUR DOMINIQUE BOLLENGIER,,Boulevard de l'Atlantique 44510 Le Pouliguen,1986,NN
44,POULIGUEN (LE),00587345000026,AUDUREAU*JEAN CLAUDE/,MONSIEUR JEAN AUDUREAU,LES FARFADETS,28 Quai Jules Sandeau 44510 Le Pouliguen,1958,NN
44,SAINT LUMINE DE COUTAIS,80030464400027,LOUERAT*MONNIER/ODILE MARIE PIERRE THERESE/,MADAME ODILE MONNIER,,1 Le Bas Fief 44310 Saint-Lumine-de-Coutais,2014,
44,SAINTE LUCE SUR LOIRE,43152641700016,SOC NANTAISE D HOTELLERIE SNH 3,SOC NANTAISE D HOTELLERIE SNH 3,IBIS BUDGET,4 Rue Gustave Eiffel 44980 Sainte-Luce-sur-Loire,2000,00
44,BAULE ESCOUBLAC (LA),43365286400441,VACANCIEL,VACANCIEL,,Boulevard du Docteur René Dubois 44500 La Baule-Escoublac,2000,
44,BAULE ESCOUBLAC (LA),48118971000058,FONCINVEST,FONCINVEST,,145 Avenue du Maréchal de Lattre de Tassigny 44500 La Baule-Escoublac,2005,
44,NANTES,37811411000471,SOC COMMERCIALE HOTELS ECONOMIQUES,SOC COMMERCIALE HOTELS ECONOMIQUES,HOTELF1,Rue Albert Londres 44300 Nantes,1990,NN
44,TRIGNAC,37811411002097,SOC COMMERCIALE HOTELS ECONOMIQUES,SOC COMMERCIALE HOTELS ECONOMIQUES,HOTELF1,Rue du Petit Savine 44570 Trignac,1990,NN
44,SAINT HERBLAIN,52984781600020,SOCIETE DES HOTELS LOW COST DE NANTES - SAINT HERBLAIN,SOCIETE DES HOTELS LOW COST DE NANTES SAINT HERBLAIN,ETAP HOTEL,Avenue des Lions 44800 Saint-Herblain,2011,
44,BAULE ESCOUBLAC (LA),53880126700021,AYURVEDA BOOKING LTD,AYURVEDA BOOKING LTD,,70 Route de la Bosse 44500 La Baule-Escoublac,2011,
44,PORNIC,85192920800029,LE ROCHER DES MARAIS,LE ROCHER DES MARAIS,,13 Rue des Sablons 44210 Pornic,2019,
44,BAULE ESCOUBLAC (LA),84536175700022,SPORTSUP,SPORTSUP,,1 Avenue de Lyon 44500 La Baule-Escoublac,2019,
44,MACHECOUL SAINT MEME,88779077200024,LE MAS DES MARAIS,LE MAS DES MARAIS,,Rue de Challans 44270 Machecoul-Saint-Même,2020,
44,BAULE ESCOUBLAC (LA),79295557700020,RINEVAVI,RINEVAVI,,39 Avenue Georges Clémenceau 44500 La Baule-Escoublac,2013,
44,BAULE ESCOUBLAC (LA),83110289200021,HOTEL DE L'AMIRAUTE,HOTEL DE L AMIRAUTE,HOTEL DE L'AMIRAUTE,138 Avenue des Ondines 44500 La Baule-Escoublac,2017,
44,COUERON,82077618500028,SOCIETE HOTELIERE DE COUERON,SOCIETE HOTELIERE DE COUERON,IBIS BUDGET,Impasse de la Barrière Noire 44220 Couëron,2016,
